<?xml version="1.0" encoding="utf-8"?>

<configuration>
	<include resource="org/springframework/boot/logging/logback/base.xml" />
	
	<appender name="fileAppender" class="ch.qos.logback.core.rolling.RollingFileAppender">
    	<file>src/main/resources/logs/application.log</file>
    	
    	<rollingPolicy class="ch.qos.logback.core.rolling.SizeAndTimeBasedRollingPolicy">
			<fileNamePattern>
				src/main/resources/logs/myboard.%d{yyyy-MM-dd}.%i.log.gz
			</fileNamePattern>
			<maxFileSize>50MB</maxFileSize>
			<maxHistory>30</maxHistory>
			<totalSizeCap>1GB</totalSizeCap>
		</rollingPolicy>
		
		<encoder>
			<pattern>
			%d{yyyy:MM:dd HH:mm:ss.SSS} %-5level --- [%thread] %logger{35} : %msg %n
			</pattern>
		</encoder>
	</appender>

	<appender name="consoleAppender" class="ch.qos.logback.core.ConsoleAppender">
		<encoder>
			<pattern>
			%d{yyyy:MM:dd HH:mm:ss.SSS} %-5level --- [%thread] %logger{35} : %msg %n
			</pattern>
		</encoder>
	</appender>
	
	<logger name="com.rubypaper" level="warn" additivity="false">
		<appender-ref ref="consoleAppender" />
		<appender-ref ref="fileAppender" />
	</logger>
	
	<root level="error">
		<appender-ref ref="consoleAppender" />
	</root>
	
</configuration>